[{"Pressed": "Key.caps_lock"}, {"Held": "Key.caps_lock"}, {"Released": "Key.caps_lock"}, {"Pressed": "'h'"}, {"Held": "'h'"}, {"Released": "'h'"}, {"Pressed": "Key.caps_lock"}, {"Held": "Key.caps_lock"}, {"Released": "Key.caps_lock"}, {"Pressed": "'e'"}, {"Held": "'e'"}, {"Released": "'e'"}, {"Pressed": "'l'"}, {"Held": "'l'"}, {"Released": "'l'"}, {"Pressed": "'l'"}, {"Held": "'l'"}, {"Released": "'l'"}, {"Pressed": "'o'"}, {"Held": "'o'"}, {"Released": "'o'"}, {"Pressed": "Key.space"}, {"Held": "Key.space"}, {"Released": "Key.space"}, {"Pressed": "'e'"}, {"Held": "'e'"}, {"Released": "'e'"}, {"Pressed": "'v'"}, {"Held": "'v'"}, {"Released": "'v'"}, {"Pressed": "'e'"}, {"Held": "'e'"}, {"Released": "'e'"}, {"Pressed": "'r'"}, {"Held": "'r'"}, {"Released": "'r'"}, {"Pressed": "'y'"}, {"Held": "'y'"}, {"Released": "'y'"}, {"Pressed": "'o'"}, {"Held": "'o'"}, {"Released": "'o'"}, {"Pressed": "'n'"}, {"Held": "'n'"}, {"Released": "'n'"}, {"Pressed": "'e'"}, {"Held": "'e'"}, {"Released": "'e'"}, {"Pressed": "Key.enter"}, {"Held": "Key.enter"}, {"Released": "Key.enter"}, {"Pressed": "'m'"}, {"Held": "'m'"}, {"Released": "'m'"}, {"Pressed": "'y'"}, {"Held": "'y'"}, {"Released": "'y'"}, {"Pressed": "Key.space"}, {"Held": "Key.space"}, {"Released": "Key.space"}, {"Pressed": "'p'"}, {"Held": "'p'"}, {"Released": "'p'"}, {"Pressed": "'r'"}, {"Held": "'r'"}, {"Released": "'r'"}, {"Pressed": "'o'"}, {"Held": "'o'"}, {"Released": "'o'"}, {"Pressed": "'j'"}, {"Held": "'j'"}, {"Released": "'j'"}, {"Pressed": "'e'"}, {"Held": "'e'"}, {"Released": "'e'"}, {"Pressed": "'c'"}, {"Held": "'c'"}, {"Released": "'c'"}, {"Pressed": "'t'"}, {"Held": "'t'"}, {"Released": "'t'"}, {"Pressed": "Key.space"}, {"Held": "Key.space"}, {"Released": "Key.space"}, {"Pressed": "'i'"}, {"Held": "'i'"}, {"Released": "'i'"}, {"Pressed": "'s'"}, {"Held": "'s'"}, {"Released": "'s'"}, {"Pressed": "Key.space"}, {"Held": "Key.space"}, {"Released": "Key.space"}, {"Pressed": "'d'"}, {"Held": "'d'"}, {"Released": "'d'"}, {"Pressed": "'o'"}, {"Held": "'o'"}, {"Released": "'o'"}, {"Pressed": "'n'"}, {"Held": "'n'"}, {"Released": "'n'"}, {"Pressed": "'e'"}, {"Held": "'e'"}, {"Released": "'e'"}, {"Pressed": "'.'"}, {"Held": "'.'"}, {"Released": "'.'"}, {"Pressed": "Key.enter"}, {"Held": "Key.enter"}, {"Released": "Key.enter"}]